Path,Sampled
jsons/a_1.json,0
jsons/a_2.json,0
jsons/a_3.json,0
jsons/a.json,0
jsons/ab_1.json,0
jsons/ab_2.json,0
jsons/ab_3.json,0
jsons/ab.json,0
jsons/ac_1.json,0
jsons/ac_2.json,0
jsons/ac_3.json,0
jsons/ac.json,0
jsons/ad_1.json,0
jsons/ad_2.json,0
jsons/ad_3.json,0
jsons/ad.json,0
jsons/ae_1.json,0
jsons/ae_2.json,0
jsons/ae_3.json,0
jsons/ae.json,0
jsons/af_1.json,0
jsons/af_2.json,0
jsons/af_3.json,0
jsons/af.json,0
jsons/ag_1.json,0
jsons/ag_2.json,0
jsons/ag_3.json,0
jsons/ag.json,0
jsons/ah_1.json,0
jsons/ah_2.json,0
jsons/ah_3.json,0
jsons/ah.json,0
jsons/ai_1.json,0
jsons/ai_2.json,0
jsons/ai_3.json,0
jsons/ai.json,0
jsons/aj_1.json,0
jsons/aj_2.json,0
jsons/aj_3.json,0
jsons/aj.json,0
jsons/ak_1.json,0
jsons/ak_2.json,0
jsons/ak_3.json,0
jsons/ak.json,0
jsons/al_1.json,0
jsons/al_2.json,0
jsons/al_3.json,0
jsons/al.json,0
jsons/am_1.json,0
jsons/am_2.json,0
jsons/am_3.json,0
jsons/am.json,0
jsons/an_1.json,0
jsons/an_2.json,0
jsons/an_3.json,0
jsons/an.json,0
jsons/ao_1.json,0
jsons/ao_2.json,0
jsons/ao_3.json,0
jsons/ao.json,0
jsons/ap_1.json,0
jsons/ap_2.json,0
jsons/ap_3.json,0
jsons/ap.json,0
jsons/aq_1.json,0
jsons/aq_2.json,0
jsons/aq_3.json,0
jsons/aq.json,0
jsons/ar_1.json,0
jsons/ar_2.json,0
jsons/ar_3.json,0
jsons/ar.json,0
jsons/as_1.json,0
jsons/as_2.json,0
jsons/as_3.json,0
jsons/as.json,0
jsons/at_1.json,0
jsons/at_2.json,0
jsons/at_3.json,0
jsons/at.json,0
jsons/au_1.json,0
jsons/au_2.json,0
jsons/au_3.json,0
jsons/au.json,0
jsons/av_1.json,0
jsons/av_2.json,0
jsons/av_3.json,0
jsons/av.json,0
jsons/aw_1.json,0
jsons/aw_2.json,0
jsons/aw_3.json,0
jsons/aw.json,0
jsons/b_1.json,0
jsons/b_2.json,0
jsons/b_3.json,0
jsons/b.json,0